,,,,,,,,,,
,,,,,,,,,,
,,,,,,,,,,
機能分類,項目,仕様,最小値,最大値,初期値,必須,エラー時動作,備考,,
入力ファイル,ファイル形式,CSV または TSV,-,-,-,Y,読み込みエラー、処理中断,フォーマットは別途定義,,
入力ファイル,必須列,対象ファイルに依存（フレーム、座標、タグ等）,-,-,-,Y,フォーマットエラー、処理中断,ヘッダ行の有無で判定,,
入力ファイル,文字コード,UTF-8,-,-,-,Y,文字化けまたはデコードエラー,BOM有無の許容を要検討,,
入力ファイル,改行コード,LF または CRLF,-,-,-,Y,読み込みエラー、処理中断,,,
入力ファイル,ファイルサイズ,1ファイルあたりの容量,0 byte,1 GB,-,Y,メモリ不足/上限超過エラー,1GBは仮の制限値,,
入力ファイル,最大件数,ファイル内の行数,1行(ヘッダ),"1,000,000行",-,N,上限超過エラー、処理中断,,,
入力ファイル,重複データ,同一フレーム・同一座標などの重複行,-,-,-,-,警告を出力し後勝ちで上書き,処理を止めずにスキップも可,,
入力ファイル,空データ,必須項目が空（NULL/空白）の行,-,-,-,-,当該行をスキップし警告ログ出力,,,
入力ファイル,存在しない画像,画像フォルダに指定パスの画像がない,-,-,-,-,該当フレームの描画をスキップし警告,,,
入力ファイル,存在しないタグ,タグファイルに未定義のタグが指定された,-,-,-,-,デフォルト色(黒等)で描画し警告,,,
入力ファイル,欠損フレーム,連番の中で抜けがあるフレーム,-,-,-,-,描画なし（元画像のまま）で動画化,補完要件がなければそのまま,,
画像ファイル,フォーマット,PNG または JPEG,-,-,-,Y,読み込みエラー,,,
画像ファイル,解像度,任意のサイズ,1x1,8192x8192,-,Y,サイズ超過エラー,,,
画像ファイル,カラーモード,RGB または RGBA,-,-,-,Y,変換エラー,,,
フレーム,フレームレート(FPS),出力動画のFPS,1,120,30,Y,範囲外エラー,,,
フレーム,総フレーム数,処理対象の最大フレーム,1,100000,-,N,メモリ不足エラー,,,
座標,座標系,"左上原点 (X, Y)",-,-,-,Y,描画位置ズレ,,,
座標,X座標,描画X位置,0,画像幅,0,Y,画像外座標は描画対象外とし、警告ログに出力する。座標値自体は補正しない。,,,
座標,Y座標,描画Y位置,0,画像高さ,0,Y,画像外座標は描画対象外とし、警告ログに出力する。座標値自体は補正しない。,,,
タグ,タグ文字列,描画するテキスト,-,-,-,Y,空文字として処理,,,
タグ,文字サイズ,フォントサイズ(px),1,256,12,Y,デフォルトサイズ適用,,,
タグ,フォント,TTF または OTF,-,-,システム標準,N,デフォルトフォント適用,,,
タグ,文字色,RGB または RGBA(HEX),#000000,#FFFFFF,#000000,N,デフォルト色適用,,,
描画処理,描画順序,Zインデックス(重なり),0,1000,0,N,-,値が大きいほど手前,,
描画処理,アンチエイリアス,ON/OFF,-,-,ON,N,-,,,
描画処理,ブレンドモード,通常、乗算、加算など,-,-,通常,N,通常モードで描画,,,
描画処理,不透明度,アルファ値(0.0~1.0),0,1,1,N,範囲外はクランプ,,,
動画出力,出力形式,MP4 または AVI,-,-,MP4,Y,フォーマットエラー,,,
動画出力,コーデック,H.264 等,-,-,H.264,Y,コーデックエラー,,,
動画出力,ビットレート,映像ビットレート(kbps),100,50000,5000,N,デフォルト値適用,,,
動画出力,出力解像度,幅x高さ,1x1,8192x8192,1920x1080,Y,エラー終了,,,
動画出力,音声出力,音声の有無,-,-,OFF,N,-,現状は映像のみ想定,,
動画出力,出力先パス,保存先ディレクトリ,-,-,-,Y,書き込み権限エラー,,,
ログ,ログレベル,"INFO, WARN, ERROR",-,-,INFO,N,-,,,
ログ,ログ出力先,標準出力 または ファイル,-,-,標準出力,N,書き込みエラー,,,
UI,進捗表示,プログレスバーの表示,-,-,ON,N,-,,,
UI,プレビュー,処理中画像のプレビュー,-,-,OFF,N,-,パフォーマンスに影響,,
パフォーマンス,並列処理,スレッド数/プロセス数,1,64,CPUコア数,N,1スレッドで実行,,,
パフォーマンス,GPUアクセラレーション,ハードウェアエンコード,-,-,OFF,N,ソフトウェアエンコードへフォールバック,,,
パフォーマンス,メモリ制限,最大使用メモリ(GB),1,128,制限なし,N,メモリ不足エラー,,,
その他,一時ファイル,中間生成物の削除,-,-,ON(削除する),N,-,,,
画面分類,UI項目,入力方式,仕様,最小値,最大値,初期値,必須,入力チェック,エラー時動作,備考
**ファイル設定**,アノテーションファイルパス,ファイル選択 / テキスト,CSV/TSVファイルの絶対パス,-,-,空白,Y,ファイル存在チェック、拡張子チェック,入力枠を赤くハイライト、ツールチップでエラー表示,未指定の場合は実行不可。画像パス列が存在し、値が有効な場合は画像パス列を優先する。画像パス列が空の場合は、画像フォルダパスと画像ファイル名パターンから画像を特定する。
,補完ファイルパス,ファイル選択 / テキスト,CSV/TSVファイルの絶対パス,-,-,空白,N,ファイル存在チェック、拡張子チェック,入力項目を赤枠表示し、エラー一覧に詳細を表示する。必須エラーまたは形式エラーがある場合、実行ボタンを非活性化する。,任意。未指定時は補完点描画なし
,選別結果ファイルパス,ファイル選択 / テキスト,CSV/TSVファイルの絶対パス,-,-,空白,N,ファイル存在チェック、拡張子チェック,入力項目を赤枠表示し、エラー一覧に詳細を表示する。必須エラーまたは形式エラーがある場合、実行ボタンを非活性化する。,任意。未指定時はタグによる色変更なし
,タグファイルパス,ファイル選択 / テキスト,CSV/TSVファイルの絶対パス,-,-,空白,条件付き必須,ファイル存在チェック、拡張子チェック,入力項目を赤枠表示し、エラー一覧に詳細を表示する。必須エラーまたは形式エラーがある場合、実行ボタンを非活性化する。,選別結果ファイルを指定する場合は必須。未指定の場合、タグ色反映機能はOFF扱い。
,区切り文字,プルダウン,入力ファイルの区切り文字,-,-,自動判定,N,CSV/TSVとして判定可能か,エラー表示,自動判定/カンマ/タブ
,文字コード,プルダウン,入力ファイルの文字コード,-,-,UTF-8,Y,デコード可能か,エラー表示,UTF-8 BOM有無対応。Shift_JIS対応は要判断
,画像フォルダパス,フォルダ選択 / テキスト,連番画像が格納されたフォルダパス,-,-,空白,Y,フォルダ存在チェック、画像ファイル有無チェック,入力項目を赤枠表示し、エラー一覧に詳細を表示する。必須エラーまたは形式エラーがある場合、実行ボタンを非活性化する。,
,出力フォルダパス,フォルダ選択 / テキスト,動画の出力先フォルダパス,-,-,空白,Y,フォルダ存在チェック、書込権限チェック,入力項目を赤枠表示し、エラー一覧に詳細を表示する。必須エラーまたは形式エラーがある場合、実行ボタンを非活性化する。,
,出力動画ファイル名,テキスト,出力するmp4ファイル名,1文字,255文字,output.mp4,Y,"禁則文字(\ / : * ? "" < > |)チェック、拡張子チェック",入力項目を赤枠表示し、エラー一覧に詳細を表示する。必須エラーまたは形式エラーがある場合、実行ボタンを非活性化する。,拡張子未指定の場合は .mp4 を自動付与する。mp4以外の拡張子はエラー。同名ファイルが存在する場合は上書き確認ダイアログを表示する。
**出力設定**,上書き確認,チェックボックス,出力先に同名動画が存在する場合に確認する,-,-,ON,N,-,確認ダイアログを表示,OFFの場合は自動リネームするか要定義
,中間画像出力フォルダ,フォルダ選択 / テキスト,中間画像を保存するフォルダ,-,-,出力フォルダ配下/frame,条件付き,フォルダ存在・書込権限チェック,エラー表示,中間画像保存ON時のみ有効
**処理設定**,中間画像保存有無,チェックボックス,描画処理後の中間画像(連番)を保存するか,-,-,OFF,N,-,-,デバッグ・確認用途
,FPS,数値入力 / スライダー,出力動画のフレームレート,1,120,30,Y,数値チェック、範囲チェック,エラー表示、またはフォーカスが外れた際に初期値へ戻す,
,開始フレーム,数値入力,処理を開始するフレーム番号,1,最大フレーム数,1,Y,数値チェック、範囲チェック、終了フレーム以下の値か,入力項目を赤枠表示し、エラー一覧に詳細を表示する。必須エラーまたは形式エラーがある場合、実行ボタンを非活性化する。,
,終了フレーム,数値入力,処理を終了するフレーム番号,1,最大フレーム数,最大フレーム数,Y,数値チェック、範囲チェック、開始フレーム以上の値か,入力項目を赤枠表示し、エラー一覧に詳細を表示する。必須エラーまたは形式エラーがある場合、実行ボタンを非活性化する。,画像フォルダ選択時に最大値を自動設定
,画像ファイル名パターン,テキスト / プルダウン,フレーム番号から画像ファイル名を特定するルール,-,-,{frame:06d}.png,Y,実在ファイルと照合,エラー表示,画像パス列を使う場合は不要にできる
,欠損フレーム処理,プルダウン,画像が存在しないフレームの扱い,-,-,スキップ,Y,リスト内の値か,エラー表示,スキップ/黒画像挿入/処理中断
,最大フレーム数,ラベル表示,画像フォルダ内の総画像数を表示,0,-,0,-,-,-,ユーザー入力不可（自動計算）
**描画設定**,点サイズ,数値入力 / スライダー,描画する点の半径（px）,1,100,5,Y,数値チェック、範囲チェック,エラー表示、または初期値へ戻す,
,点形状,プルダウン,点の形状（円、四角、バツ等）,-,-,円,Y,リスト内の値かチェック,-,
,点色,カラーピッカー / テキスト,HEXカラー #RRGGBB,-,-,#FF0000,Y,正規表現 ^#[0-9A-Fa-f]{6}$,入力枠を赤くハイライト,
,フレーム番号表示,チェックボックス,画像の左上等にフレーム番号を描画するか,-,-,OFF,N,-,-,
,タグ名表示,チェックボックス,点の近傍にタグ名を描画するか,-,-,OFF,N,-,-,
,補完点色,カラーピッカー / テキスト,補完ファイル由来の点色,-,-,#0000FF,Y,HEX形式チェック,エラー表示,タグ色とどちらを優先するか要定義
,タグ色反映,チェックボックス,選別結果ファイルのタグに応じて色を変更する,-,-,ON,N,選別結果・タグファイルとの整合性,エラー表示,ON時はタグファイルが条件付き必須
,座標表示,チェックボックス,点の近くに座標を表示する,-,-,OFF,N,-,-,デバッグ用途
**プレビュー**,プレビューフレーム番号,数値入力,プレビュー表示する対象のフレーム番号,1,最大フレーム数,1,N,数値チェック、範囲チェック,初期値または「1」に戻す,
,前フレームボタン,ボタン,1つ前のフレームを表示する,-,-,-,N,最小フレームで無効,-,連続確認用
,次フレームボタン,ボタン,1つ次のフレームを表示する,-,-,-,N,最大フレームで無効,-,連続確認用
,再描画ボタン,ボタン,現在の設定でプレビューを再描画する,-,-,-,N,必須入力済みか確認,エラー表示,動画生成前の確認用
**実行制御**,入力チェックボタン,ボタン,実行前に入力値の総合的なバリデーションを行う,-,-,-,-,-,-,
,実行ボタン,ボタン,動画生成処理を開始する,-,-,-,-,全必須項目の入力チェック、相関チェック,エラーダイアログを表示し処理を開始しない,処理中は非活性化
,キャンセルボタン,ボタン,実行中の処理を安全に中断する,-,-,-,-,-,-,処理中のみ活性化
,進捗表示,プログレスバー / テキスト,処理の進捗率(%)とステータスを表示,0%,100%,0%,-,-,-,内部値は0.0〜1.0で保持してもよい
,ログ表示欄,テキストエリア,処理中のINFO/WARN/ERRORログを出力,-,-,空白,-,-,-,読取専用、自動スクロール
,前回設定保存,チェックボックス,次回起動時に入力内容（パス等）を復元するか,-,-,ON,N,-,-,終了時に設定ファイル(JSON等)へ保存
**設定**,設定リセットボタン,ボタン,UI設定を初期値に戻す,-,-,-,N,-,確認ダイアログ表示,前回設定保存とセットで必要